,pol_id,regeneration_%_se,degeneration_%_se,forest_cover_2023_%_se,forest_formation_se,soybean_se,forest_plantation_se,urban_area_se,regeneration_%_ex,degeneration_%_ex,forest_cover_2023_%_ex,forest_formation_ex,soybean_ex,forest_plantation_ex,urban_area_ex,proximity_index,txalfabeti_imputed,ex_score,se_score,ca_score,vulnerability_raw
0,0,0.6579861111111112,8.797736916548798,0.6549697704813217,88.57874519846351,0.0,9.039692701664533,0.0,23.409475004088755,21.742456755798546,48.78751424591617,61.39347021204982,0.6381128688432627,6.7653988556041735,0.9873218893750701,0.9989171540943776,0.873740665308893,7.533322592405263,,49.529749759737385,
1,1,0.5859375,1.6560798548094373,0.7194451007526919,54.45933456561922,0.23105360443622922,0.0,0.0,51.420079260237785,16.528925619834713,61.75029515938607,46.54197706979447,0.11095260738627358,14.011729275637977,0.5402335288212606,0.924724713476423,0.3550984385607623,7.797960257920057,,44.97403890653937,
2,2,0.24242424242424243,0.7518796992481203,1.0,43.54838709677419,0.0,0.0,16.129032258064516,2.604434072345391,30.596983749007812,30.76027372720433,27.66573816155989,0.0,0.03565459610027855,60.8824512534819,0.9764683000127653,0.22958927359130943,,,40.190992963195455,
3,3,0.2485549132947977,18.75,0.21005917159763315,0.0,0.0,0.0,0.20174848688634836,6.481939633844632,40.668784832543366,16.37674238806649,0.0,0.0,0.12445072673078696,2.7394524168023846,0.9250172347238547,0.25589613034623016,,,27.245969249804208,
4,4,0.0,17.417783191230207,0.5595492188166995,84.01639344262296,0.0,15.983606557377051,0.0,26.323547475740085,12.705630600508226,60.706937095825985,77.07483511875262,0.0,6.04437497617323,0.0,0.9850638468851345,0.7939443312966739,,,30.884881278036495,
5,5,0.0,0.975609756097561,0.8827410406357775,22.674418604651162,0.0,0.0,0.0,71.51037938439512,9.133573147199657,70.5769924269744,59.83318189231378,0.0,7.560401668181077,0.4869411243913236,0.93739799344093,0.26850644942294677,,,32.43608078490994,
6,6,0.9795918367346939,1.2283236994219653,0.7591482591482592,0.0,0.0749063670411985,1.1235955056179776,0.0,63.74481852188859,8.871172928504793,67.43979200875752,0.0,1.1663097534644178,1.8317611454259066,0.6318248588570519,0.29484247254973084,0.6070739986422282,3.125267171563042,,57.181150548048805,
7,7,0.02297796078598707,36.989659950964715,0.12421603385458807,12.324184323177093,74.92355840138134,0.6151300406489442,0.021583510198208568,3.020784560572281,33.430229263704256,13.261932980107826,16.296480701150646,68.68349984684906,1.2067806207311464,1.682707855117987,0.9010018147601365,0.8297454175152774,26.250804396600614,28.137482975798306,24.383888835550476,30.004398536848445
8,8,0.9696969696969697,0.9332711152589827,0.7084954551621219,0.0,0.047103155911446065,0.7065473386716911,0.0,57.50316322226908,8.842077521131003,65.52673095856612,0.0,1.0435916947494293,2.0095351979252403,0.5544080878356343,0.2943046794855403,0.6070739986422282,3.1124031254103266,,56.08215332234855,
9,9,0.03386581469648562,10.161443494776828,0.26890358510268014,37.40041928721174,59.74842767295597,0.04192872117400419,0.04192872117400419,7.501918649270914,27.42616033755274,31.72489645005031,37.423218199215974,39.05145538167114,0.6682717535574282,6.786122171806032,0.6406543511608498,0.7697250509164983,18.483002411146835,17.498432152520202,26.581195946152587,9.40023861751445
10,10,0.22270545043772946,30.02788216753546,0.39312726620530514,49.85706905458929,32.08024797657999,0.24625452040640608,0.18426037540898915,6.402622068058091,43.77748503458029,18.272599074591255,21.00741980238337,55.254330443218876,1.4257724927710052,0.6316122076832615,0.9843167102511515,0.9263408010862184,25.27230004456336,15.63466125998271,34.62982034454348,6.2771409600025905
11,11,0.1157140957699394,8.536161250030613,0.42112419161823533,64.53630252428954,21.539758048247183,0.0,0.11485875301788934,9.388703124785929,12.914642469988358,22.334310088719693,31.658007745212245,38.3901319405317,0.2106255278600654,0.9769660014909707,0.9835165019878322,0.9161575016972163,13.123091484967775,,32.35047439608647,
12,12,0.44356955380577434,23.04147465437788,0.48419797257006564,53.63984674329502,4.789272030651341,0.0,0.0,25.65811677354033,10.32255598868761,46.959631277813095,59.46082799967593,6.860163655513246,0.3645791136676659,0.06278862513165356,0.9400689942964577,0.8845892735913101,4.4025218457500435,,41.3637909774394,
13,13,1.0,0.0,0.9661304240631164,0.0,0.0,0.0,0.0,27.10142990779099,0.7418462754049426,70.54537854018304,0.0,0.03615810607646488,0.0,0.0,0.1147166567871386,0.6204684317718954,,,61.22441474111988,
14,14,0.16341022732047564,10.618041414328406,0.45887779051361827,60.974160974160974,26.096426096426097,0.07095007095007096,0.5544005544005544,6.188087052359725,26.59521036152046,21.080057992477585,27.434910021183427,52.99128524085718,1.3212008004132911,1.51848417785057,0.9623186146989102,0.8930753564154785,20.606545145160375,9.334954534026283,34.0022292289414,-4.060729549754747
15,15,0.9220779220779222,12.363636363636363,0.6904761904761906,25.08361204013378,0.0,7.023411371237458,0.6688963210702341,45.00164527805199,13.828412688158151,56.76179185367093,29.048578562354898,0.15988435761531386,10.863375531122694,0.6044942835866661,0.883612619442588,0.3548710115410745,6.364041715120706,,52.878619063951575,
16,16,0.1283535381156382,23.42777021732855,0.17119328165813377,21.41687780159813,52.78048463587345,0.012992918859221724,0.1364256480218281,5.104833583460187,33.203876806758146,12.409850483729112,15.561408224453219,53.78867699994178,0.45519477981637474,1.0463019312478017,0.9002823233430108,0.8896809232858112,22.123512629441024,19.08941835502076,28.249227130566023,12.963703853895762
17,17,0.0,44.98141263940521,0.38278706800445933,3.1372549019607843,0.0,0.0,47.45098039215686,2.0874343832021,21.931617578741985,29.68792866941015,25.619525507284653,0.0,0.2288833135261235,60.596857256041204,0.9840818889256858,0.8704005431093007,,,28.476303080927075,
18,18,0.0,100.0,0.0,0.0,0.0,0.0,100.0,3.7964458804523424,42.0940036494054,18.458348359177787,0.0,0.018739751698289998,0.15694542047317875,25.82806277816819,0.25758050510815866,0.6298472505091666,17.024437899936267,,20.08822012627705,
19,19,0.4,24.731182795698924,0.48884140550807226,75.34246575342466,0.0,14.383561643835616,0.0,29.554874752207606,34.43748433976447,48.70981869142506,60.73318216175358,0.0,25.172291138677693,0.0,0.9447294274403626,0.39580787508486015,,,36.75389994945268,
20,20,0.9500000000000001,0.6097560975609756,0.9701314217443252,20.27972027972028,0.0,0.0,0.0,5.475801598899682,71.14754098360656,18.177133312009097,3.2230455640892814,60.58019324759567,0.3310885380301358,0.0,0.539865740393715,0.8286116768499667,,,61.680935162697,
21,21,0.4077669902912621,92.95612009237875,0.1009927270796836,1.686046511627907,90.34883720930232,0.6976744186046512,0.23255813953488372,8.38047138047138,76.18807385733024,13.27092434643922,4.627162086466485,67.8967290750768,0.10354251183949212,0.8945394055641369,0.5389089287390294,0.7148811948404612,36.27072121245267,46.05879746495515,32.676724556754095,49.652794120653724
22,22,0.42857142857142855,2.9850746268656714,0.8949994198862978,0.0,0.0,0.0,3.669724770642202,43.69454154342565,10.406814426528403,64.75385361848244,6.652253450856478,0.03801287686203701,2.1904920291748833,4.768240241381768,0.9328038771774866,0.3544738628649031,4.350889893486773,,43.98843555235838,
23,23,0.05714285714285715,51.78571428571429,0.30425541536652645,25.732899022801302,0.0,0.0,60.26058631921825,15.689450383327936,39.30108703582111,33.658217385314785,12.826321229848908,11.449559040225209,0.035188809958433216,30.867184235413138,0.16663651152868075,0.3544738628649031,20.41325478035447,,24.580569004425392,
24,24,0.0450738888192601,26.141103213299655,0.12245730583248518,0.0,2.567048328860227,0.0,0.015446699233457551,7.6750266920192605,33.738329226731615,14.91106294428843,0.9874868013572818,7.543612602478782,0.5326054237218635,0.46811496821608406,0.8125757597973462,0.1756211812627284,10.570665555287086,,20.06699069813209,
25,25,0.13094017094017094,29.634397528321315,0.13042428033956333,21.706316652994257,44.34782608695652,2.9942575881870384,15.89827727645611,4.95716402983456,33.917197452229296,17.240187463386057,18.199966038657948,59.75332469113817,0.9712115501695996,11.26729647009124,0.9003508629834656,0.7952274270196873,26.477257540907075,23.218689619980246,26.93291911564797,22.763028045239352
26,26,0.10982658959537572,0.6802721088435374,0.2726495726495727,50.97276264591439,28.404669260700388,0.0,0.0,8.529233685208098,14.098737083811711,17.645897106744346,21.59004867495944,26.743104380746352,0.09951325040562466,0.0,0.7718139635823136,0.8434725050916501,,,29.11912656411331,
27,27,0.5700483091787439,6.432748538011696,0.8039447731755425,84.73857748469148,0.0,4.380593499764484,0.0,33.63038877130444,22.72762405317669,55.0635018179956,60.46206266101554,0.8144269924374636,7.294938917975567,0.0,0.7243736537658966,0.35470128988459093,,,45.94426500232653,
28,28,0.30717995032738765,48.15384251484259,0.3204780619903672,10.630820245021146,24.311498520739434,0.1767170343307587,0.1389909258781248,14.399953332134228,48.28926832313647,31.979611328772194,13.725255631109473,9.506883355462564,17.306163928445795,2.9885713676575274,0.9016348159636824,0.2916055668703317,19.52272174367559,18.195262248947728,30.82492919391023,6.893054798713088
29,29,0.2638307251487767,3.099701518177328,0.6197292765713819,94.22806926316885,0.8455098538817534,0.0,0.0,11.719983369286204,12.07010582010582,29.502551252911264,39.96253061030408,25.98816005325599,0.16214545540999978,1.1958821711324028,0.9697014318476908,0.8553021045485409,9.854073374976053,,38.94035632559681,
30,30,0.15841584158415842,7.0594774874930515,0.8948283355063016,40.766365087812666,0.0,5.055880787653007,0.0,27.861364857603437,16.390185563828556,62.10890493381468,29.25475777074184,0.15149967657372415,1.770333299288462,17.325434923228816,0.9457891082002466,0.2981466395112009,8.90936336572989,,36.82006619800995,
31,31,0.4120552108395593,17.69890424011434,0.29290571460086634,63.65423642820903,7.229832572298325,0.7673769660071029,0.0,16.489948910169186,21.53329127287038,35.1914390841811,47.68200342041185,13.669249988874125,1.5236091066876045,0.07343077480593295,0.5867852857153416,0.8467379497623919,9.19989528580951,,36.99314765682895,
32,32,0.2549965541006203,88.88888888888889,0.13838518801297958,22.968980797636632,0.0,10.19202363367799,1.255539143279173,6.9791921204488645,31.455151834298757,9.682503368158825,4.191883690229225,0.6206388122138975,1.1555540315805717,6.316114320983421,0.8488477904430931,0.9158180583842497,9.886864749769162,,31.043428529654815,
33,33,0.023383133801655617,27.537455934195066,0.19750435335878377,23.041421483789083,69.72308757355486,1.0084227529710397,0.08307372793354102,2.373800489841805,33.25398924446795,12.594983920441006,15.215514681133307,75.58150355396282,0.7998891242798027,0.44904666679866156,0.9321407275099267,0.8595179904955876,27.521107147377307,24.588009997163628,25.853079811829467,26.256037332711465
34,34,0.3209575978900385,23.3199179892171,0.33334494516050717,17.73528926982034,9.44783253667381,1.5131036756222187,1.9746167792978406,17.033204924675555,43.18281744635948,36.396917005430105,7.214662975398088,17.169430209499126,1.7642742141328462,4.5512556203490995,0.08426646461743847,0.7922471147318388,16.66694437258514,9.063867745202742,34.868550038086255,-9.137737920298374
35,35,0.0,6.666666666666667,0.5783475783475784,63.013698630136986,0.0,0.0,0.0,25.440296620881437,31.811313317127656,43.80031316201529,6.376472274649402,1.4740664643906636,4.037556442172158,0.8624602814344077,0.9124774729347908,0.3062661235573665,9.546349126281221,,27.59099159045593,
36,36,0.1521700724338967,26.42339994207935,0.33330175664144296,45.28645134353285,18.445617488294413,2.752676627598342,0.0,10.279261886589145,29.839482415920305,30.947211167426726,36.22740440063722,29.829341267320775,1.1160384236085843,0.2395368183390314,0.5893908929120613,0.8344806517311625,15.256099731297173,,31.085466994858322,
37,37,0.0,12.5,0.0220089987531848,1.8867924528301887,46.38364779874214,0.0,14.150943396226415,3.130022193311395,25.800089645898698,15.235896696003461,18.910192130279572,66.94877862901608,1.1672215314267378,0.3810517026994505,0.9195740089392189,0.8537746096401908,23.57428537726024,,22.272922360585763,
38,38,0.3815061533250536,21.140329116017533,0.5580651465128,19.37605655447979,0.018441678192715538,6.6113416320885205,0.5532503457814661,9.995225734934998,36.34892772219481,27.995727676578742,6.894494666538736,1.2381472844610013,5.740336708202447,4.344361799318352,0.9420331134528175,0.3544738628649031,11.917943378544152,7.0808406930200585,37.150129660627144,-18.151345589062934
39,39,0.211761686107863,40.327210103329506,0.36560207823960883,4.959605546424686,5.063774624412602,12.180837519387023,0.05671427579342114,13.253991178040076,36.86157647869645,32.453250052528034,11.506211421150393,5.51510040202201,8.442979619501948,0.5910810097633916,0.898440548664646,0.2589952477936164,12.85268437749595,14.407134130730638,28.9570492947527,-1.697230786526113
40,40,0.020408163265306124,70.60185185185185,0.37873504273504277,24.031620553359684,0.0,72.41106719367589,0.0,20.768352985926207,51.53564593745935,39.42031559937235,21.313967839447653,5.496628329189547,32.39487005205073,0.0,0.5049882160391488,0.7515987780040745,,,27.923642802309118,
41,41,0.685595567867036,12.592592592592592,0.6084631115305962,0.0,0.0,0.25175205824317887,2.163706878954889,8.539356758519485,37.004460551993304,18.481824555122984,2.139714754663529,0.015363976346971047,1.6668040680811518,12.029244017417504,0.9742093145948563,0.25757298031228615,12.678968153459733,,44.89394124501997,
42,42,0.03217783983071184,49.5136186770428,0.1141783740530134,8.102850236346928,63.61747394388934,0.018212372823828406,0.08775052360571868,4.729784736428836,46.71936531662307,14.97281101627281,15.405661740795606,48.2625465187701,1.2616974383061748,0.5249846442894822,0.6896751107756037,0.7932247114731839,24.192148479497206,28.30926387934042,24.123342613145976,28.37806974569165
43,43,0.010084033613445379,32.323232323232325,0.06556204212454214,6.095551894563426,23.476112026359143,0.0,45.46952224052718,3.984351489617815,23.601604909133822,7.652747252747252,9.660257606869518,65.78495426544708,0.0,1.1312301661377637,0.8796967133719537,0.3544738628649031,,,19.569845554393424,
44,44,0.0,100.0,0.0,0.0,0.0,0.0,100.0,12.723679482572765,50.453093080509134,21.83589485176787,25.983421250941973,0.10980729895575413,10.537194531165897,22.58585423619335,0.86957158672152,0.3544738628649031,20.921487286706032,,18.213092896680394,
45,45,0.39433167850185386,34.90046271387065,0.5479574704944693,27.697928675021384,4.997025026960693,13.067569075155255,0.0018593581495667695,29.75195082858615,33.836391914642164,43.470952074337234,28.082322153075545,7.587766633254976,7.363855177671115,0.29986132117135317,0.6412735934657232,0.31785471826204903,12.271968761684903,13.241729043534042,36.955964390776685,-11.44226658555774
46,46,0.43109540636042404,8.577057129868162,0.5686540960663767,1.880466472303207,0.0,0.0,2.7696793002915454,6.15982625776376,16.840601425161594,31.163929531203344,6.0775581142733,2.1228391421743584,0.8154619657987028,5.954967257378728,0.9396454308506449,0.2740190088255261,6.433467447628345,,37.97471795921839,
47,47,0.8333333333333335,46.34146341463415,0.7435897435897436,50.0,0.0,0.0,25.0,0.5211157298632448,46.495119787045255,7.4552605703048185,7.696590822808838,0.0,0.0,43.782744045961884,0.9758353353501251,0.26850644942294677,,,50.93984216717087,
48,48,0.15972075312037232,21.61358067903395,0.33219121456522943,44.02070063694268,27.98168789808917,0.0,0.035828025477707005,10.26545541201193,13.498176423317055,29.118615575125734,38.37063567210535,34.09493227944506,0.06724026731436884,0.55461785114743,0.9940841543321831,0.9161575016972163,12.053741705305978,,31.95828873212854,
49,49,0.2503508279539714,17.734626254751,0.6574465468541697,77.9969028967025,0.1776279832392057,12.424849699398797,0.0,21.12583232961389,19.123935111140124,58.32264637499034,71.4328713071631,0.6070416835289356,16.796843383245648,0.1392401861594496,0.9410101006675805,0.31785471826204903,9.16676509101854,,35.271926382340574,
50,50,0.03272727272727273,70.6896551724138,0.10229276895943563,3.715670436187399,22.132471728594506,0.0,65.26655896607431,8.844992450931052,26.95124832637631,34.41789950686392,36.261413768338976,28.726787729557813,1.9903560069765056,9.270544783010157,0.6487036070795915,0.3544738628649031,16.734734211480195,,20.69563443952845,
51,51,0.20170940170940171,6.808510638297872,0.5627070097658333,74.9390409103224,0.0,2.8718504470333244,0.0,5.027791814047499,38.469686270553815,27.05854181632674,31.53606789250354,44.24752475247525,1.0042432814710043,4.381895332390382,0.6511924448100822,0.8404616429056344,22.02583740922261,,36.239832025001135,
52,52,0.6385135135135135,14.297197176207451,0.7611548556430447,47.84155270064926,0.0,14.038541234977206,0.0,53.17050258337247,13.504988286166263,65.38949584423288,30.499114291787716,0.1561680719903635,4.967901934386735,5.608871253454262,0.9231865367070096,0.2977427019687702,6.059482386499406,,46.566785062565764,
53,53,0.2725226809198959,26.805252369289747,0.43965386497092146,6.180896179292141,9.054095505033024,0.4620757387724319,0.0008442309478180852,19.223851638897347,48.08403012669402,21.19452475089988,4.7977966904494,16.41625344069433,1.792996126179483,0.07946906755503332,0.0,0.2444059742023068,16.593187190280716,9.080566961010755,31.3888500979396,-5.71509594664813
54,54,0.013095238095238096,33.064516129032256,0.0523742566338575,5.740794433169034,54.218614091040884,2.783415482748623,19.28095100028994,2.752193974486565,31.34851138353765,13.478090766823161,16.699989931099957,65.63628256210353,1.257174091281771,1.9806964802002274,0.9702822415652471,0.8660217243720325,25.055666129280795,27.336874175777925,23.213630826875924,29.178909478182792
55,55,0.27941176470588236,24.873096446700508,0.590669403856217,37.21174004192872,0.0,0.0,17.40041928721174,15.371587965730225,25.800350585847404,49.130707238519946,55.841797650797254,0.0,11.380960487242051,20.845864306115114,0.802026400406498,0.8954073319755609,,,39.09483207567648,
56,56,0.015384615384615385,53.65853658536586,0.16437246963562754,9.523809523809524,0.0,0.0,0.0,8.112128146453088,27.02412311104949,39.36554091928251,48.45893772494274,0.23121387283236997,0.11342567346493619,5.900316283127931,0.6905287609979487,0.8175763747454163,8.317269735118682,,24.726855469601706,
57,57,0.17106109324758842,1.613329806929384,0.22043740573152337,80.55314219519258,0.0,17.397914856646395,0.0,22.730118973074514,15.783813553330281,51.299231758612294,58.43331003674849,0.4821426846039634,15.070743246942724,0.9262808022184361,0.8259443510555378,0.2883061778682956,8.065745071773852,,25.69701722219903,
58,58,0.4715426216842648,4.011150689174539,0.5238468062895544,77.32558139534885,6.7060946271050526,0.0,0.0,15.638215079372522,19.216674012971474,33.65871535181237,42.96289092048672,22.200069160777193,3.4434502582722772,0.5711167304242581,0.9512555942762433,0.7396469789545144,11.3578275406113,,41.66492489123284,
59,59,0.34082779764946347,0.5505063619839003,0.5246804477573709,0.0,0.0,0.0,0.0,2.0357185893316196,5.140914068353409,9.709423305588585,0.0,0.5681324483834961,0.3767497922417615,0.0,0.7978606352530057,0.14209775967413307,,,33.971769351143564,
60,60,0.5079726651480638,5.042016806722689,0.5212674393002262,71.1864406779661,0.0,0.0,0.847457627118644,7.5154173542951455,30.660377358490564,12.615730200649608,14.597998554088504,22.405920627068983,0.5650469921235874,31.53228568167117,0.8121531195728707,0.812729124236252,21.290907664838578,,43.03579031062448,
61,61,1.0,1.0731707317073171,0.47406571922700963,45.21384928716905,0.0,0.0,0.0,6.103343465045593,6.72403854072305,32.49657389837656,13.439635535307518,0.0,2.0995567798555563,0.33197365400575657,0.9143339516190958,0.35496605566870487,,,51.19711669904848,
62,62,0.04552129221732746,19.886363636363637,0.14802943969610638,14.634146341463413,82.54172015404365,0.0,0.0,2.589351839152975,41.51241683683552,14.65135356849877,12.982668909667073,75.83623488908884,0.025429365048315795,0.18974218536051016,0.8707853301732593,0.8687101154107273,29.390955819083295,,25.627204563902435,
63,63,0.0,3.1884057971014492,0.4427076191782074,78.41726618705036,0.0,2.877697841726619,0.0,54.04885554914407,22.418754825577313,57.32294256390642,52.628917033696496,1.6015847259393508,6.159779149895686,0.0,0.3928374133030039,0.36299389002036664,,,25.598727089511133,
64,64,0.20930232558139536,3.5778175313059033,0.3265121630506246,92.46031746031747,0.0,0.0,0.0,22.73544616767813,22.871568996078853,45.789194175028655,47.09119929550333,3.465609921661438,7.255948777221274,0.38894086998000255,0.41526066394433836,0.9238560760353014,8.495517141235393,,33.014355356803016,
65,65,0.3225806451612903,22.56281407035176,0.6370106005565823,12.85563751317176,17.228661749209696,6.217070600632244,0.0,13.600395647873393,29.526911150761343,53.06410655058043,11.680940556428318,11.091403571006268,14.113414077940506,0.0,0.8971643247949951,0.38707399864222714,,,37.23297506441494,
66,66,0.02076292144093644,68.29973413179835,0.05990166414140922,0.5354372986517122,0.0,80.60046533826512,0.0,2.4875076829374723,43.41000461844805,10.11094107768055,2.761169107599528,2.72620435998449,8.593109703389862,0.3596587500401572,0.8907729880553101,0.23525458248472297,13.77224435796564,,18.86638391300057,
67,67,0.021739130434782608,69.81845688350984,0.38132807363576593,25.29365700861394,0.0,71.26076742364917,0.0,20.84130019120459,51.53929196292298,39.32798721666568,21.326360656912083,5.485609900245357,32.41040886867131,0.0,0.5049741312154925,0.7515987780040745,,,28.000503203929856,
68,68,0.07488986784140969,33.33333333333333,0.06445616374694389,5.852842809364549,45.65217391304348,0.0,0.0,3.209379947794086,31.126596980255517,6.90321583178726,8.694619783524942,64.6654926093753,0.29285474009141815,5.665156222173852,0.8576168788905106,0.7755465037338745,25.43752513797402,,24.267081254607344,
69,69,0.7039586919104991,3.0837004405286343,0.5125424170076299,25.235062177737337,3.579011222323324,0.0,0.0,35.84297458707114,35.87104174842274,36.74548270521425,18.966515887025594,16.23593336275375,0.6964364518976169,3.1374117387466898,0.6208787476042282,0.38628309572301545,13.9852058254552,,44.60017675332629,
70,70,0.005234079674323932,4.878048780487805,0.023959163199669533,0.0,1.744014188590009,0.0,0.0,4.453486916238888,31.973293768545997,11.358122918275495,0.0,9.837063149832655,0.0,0.0,0.8148609025066537,0.21968431771894004,,,17.740304012651617,
71,71,0.05217958473747147,72.52901370919673,0.14719554143432254,2.6425477429373143,14.727436183834147,1.4738333287928733,0.12804097311139565,8.343445001318914,49.360321391326096,24.784113805743694,8.825981208176502,6.027920878137795,6.964716407137537,0.9427680452589657,0.9322965897791333,0.7086897488119495,15.823931680465098,22.214581048733788,24.616471574475792,13.422041154723093
72,72,0.01772525849335303,6.952662721893491,0.48291897228067443,4.7281323877068555,0.0,0.0,0.0,20.214190093708165,42.35018159806295,37.699592074592076,5.938378458351827,1.141071164373428,6.313803817132711,0.6676283473886669,0.9151838444078395,0.30563136456211826,12.61817123173944,,26.42593687125747,
73,73,0.24571428571428575,34.37047756874095,0.6861682918020946,52.45674740484429,0.0,8.650519031141869,0.0,45.998540501094624,30.342573909992105,53.02116087362965,40.33308943939235,1.0260966516846102,10.978711543151807,0.09929967596947842,0.7332365435329303,0.34801086218601673,10.6116704451995,,35.80899187368939,
74,74,1.0,2.4946543121881684,0.8179487179487182,59.03890160183066,0.0,0.8390541571319604,0.0,54.913648173620665,26.714966793662693,54.4179326403793,28.831529281154594,0.3867147747247664,15.446387269867703,0.1979831621796651,0.7129525041934657,0.35470128988459093,10.686513000108707,,56.925613126048376,
75,75,0.5739910313901345,12.200684150513112,0.6731286186931349,11.30524152106886,0.0,0.0,0.0,30.011798777217635,21.64452189065563,56.23549547458807,23.84370889960544,0.4584977349115885,10.218471430659068,0.33610989332164254,0.8804639384605271,0.40197216564833615,8.164400237386982,,44.23094096291688,
76,76,0.657314629258517,32.93413173652694,0.45213802590851776,54.83490566037735,0.2358490566037736,32.37028301886792,0.0,27.71214430894309,37.47038047122994,40.955263957847805,32.42999699629543,22.11727797617061,2.262790775289524,0.0,0.42362860139396186,0.8617684996605601,,,45.871294006997736,
77,77,0.968503937007874,7.361376673040152,0.6570629370629371,41.15120274914089,0.0,4.381443298969072,0.429553264604811,34.38867234110254,31.350670179860234,47.20631161535496,20.341570289490697,9.966956396810573,7.914302133467423,10.739171036563464,0.3903292918227822,0.8214188730482026,14.992774936675424,,56.790385293607095,
78,78,0.7819548872180451,11.65991902834008,0.4067044534412956,32.36151603498542,0.0,3.4256559766763846,0.0,29.83108108108108,35.74361060768577,44.77333790659121,25.44847481951177,3.362279789711072,14.420021380350578,0.4730036463748591,0.8418157938181057,0.8531194840461658,13.499728856030568,,48.26439323416882,
79,79,0.9719626168224299,12.893462469733658,0.6176350679212668,17.98810703666997,0.0,1.6848364717542121,0.0,51.6580506871769,27.61832829808661,53.303604697284754,20.949401264174316,2.785630340183591,12.319346949147159,0.0,0.9091524565277322,0.34801086218601673,,,52.85711200405881,
80,80,0.6176470588235294,10.570824524312897,0.526943866943867,68.95787139689578,0.0,0.0,0.0,23.664749383730484,25.204106739436778,47.48574591039551,29.866417084999576,1.9297200714711138,6.718284693269803,0.6551518761167362,0.8471224041902936,0.8672335369993225,8.626815845073608,,46.28324017974393,
81,81,0.39223300970873787,22.5752508361204,0.6642023628324998,38.65363735070576,5.030763662685487,1.0857763300760044,0.0,34.71078407485015,32.19953051643192,44.032725538393805,28.582392632151194,7.658853250615587,12.290940487992069,0.9849381215822967,0.8642390285686141,0.875807875084861,13.28356559415547,,43.02268075437245,
82,82,0.3137254901960784,2.666185681959794,0.40203304098771636,96.63281667557456,0.0,1.7069748797434527,0.0,32.09501316400805,18.707801975904268,56.39961260098168,71.1037192678023,0.1566032586349297,11.304037956625427,0.148498980410291,0.9794141520158547,0.25234555329259845,7.579235542893729,,32.089829843992526,
83,83,0.7272727272727274,3.3333333333333335,0.784900284900285,26.027397260273972,0.0,0.0,0.0,60.72742133224356,17.260369264658994,61.85157421289355,15.62371595001571,0.3553041838880429,4.036448891789331,1.271360549150412,0.8702688910072925,0.26593007467752816,5.730870722371695,,48.93740484901445,
84,84,0.26422764227642276,40.77669902912621,0.254450975381208,0.0,0.0,13.628318584070797,0.0,5.829051328802697,71.34617905361122,9.663088849135361,0.0,0.003926033528326332,39.413450590868045,0.2139688272937851,0.7765626762091612,0.0,27.744381126325344,,26.462240363836617,
85,85,0.989795918367347,7.406230133502861,0.6120331222874292,44.95049504950495,1.1221122112211221,0.0,0.0,12.9729325557051,40.00566875570812,41.29006177702227,29.674322215081123,29.486759092876536,0.011804672026862187,0.0,0.6447817965611913,0.23990835030549773,,,52.346506239879886,
86,86,0.0,4.679802955665025,0.417056856187291,49.36708860759494,0.0,0.0,0.31645569620253167,26.103077493511307,12.416015501590175,65.09752005049182,55.17977211418448,0.0,2.08358497403068,12.370656681563796,0.9508125251775135,0.24911065852002556,,,24.468272696511757,
87,87,0.2786144578313253,88.88888888888889,0.15560611263736265,25.30612244897959,0.0,11.26530612244898,0.0816326530612245,7.043893129770992,31.395558765120057,9.800868746074942,4.258433231112351,0.6307499303038752,1.1743797044884305,6.4103010872595485,0.8488959408275512,0.9158180583842497,9.902747371792978,,31.923377841704305,
88,88,0.9830508474576272,10.50463439752832,0.7299572649572651,75.78523489932886,0.0,9.691275167785236,0.0,48.47934634589197,16.34290047835725,63.57859458988923,52.07344366990263,0.08268115012330896,15.30884260645198,0.2280859313746454,0.9263769051573921,0.5169721656483364,7.990627541576796,,56.27119874606336,
89,89,0.21660649819494585,39.84168865435356,0.24294253675989358,0.0,0.0,11.188811188811188,0.0,5.821635012386457,71.10085695451549,9.688431723315444,0.0,0.003921799321528718,38.67874580857698,0.20785536404102203,0.7767488184914937,0.0,27.497844981613756,,25.078297475718866,
90,90,0.049585062240663905,49.25914726338071,0.22561911023449485,23.13536786121312,59.516272002026085,0.962390781309358,0.962390781309358,2.565373526882808,33.87753922616812,14.90387152380785,19.041694940812786,66.33340873105632,1.6172811581090252,1.0382266455553042,0.963025685599709,0.8930753564154785,25.71661394022219,27.67505020700638,27.235618020151566,26.156046127077
91,91,0.34029227557411273,2.3474178403755865,0.2627350427350428,0.0,0.0,0.0,0.0,9.867043419027677,11.626878868258178,25.15454647634034,0.0,3.6962218825070976,1.188396301958215,0.11101404964693892,0.939977374358037,0.005431093007467691,4.155627775592608,,28.583967899608997,
92,92,0.3277777777777778,2.7653213751868457,0.4039453795149998,96.57350752439227,0.0,1.7959318670415083,0.0,32.055412059475096,18.728371475414278,56.33809712000969,71.09028796394821,0.15657078989606035,11.318495252235065,0.14846819194101307,0.9793779528106273,0.25234555329259845,7.587976427371604,,32.473275053804414,
93,93,0.03676470588235294,19.71971971971972,0.49279683116956347,70.39428959891231,14.547926580557444,0.0,0.0,13.198632266086415,41.93968044561712,36.743609806990094,25.480652574185353,31.192817687443796,0.30544810950457457,0.0,0.4366788337914057,0.9224575695858803,,,31.49127201740883,
94,94,0.4639361154044307,3.724072910119422,0.5143013729273272,77.08927843456992,6.88952303302079,0.0,0.0,15.737960393781595,19.169837250435823,33.63093488321309,43.0991584139466,22.13442409593753,3.4390738725535765,0.5681662829675889,0.9511602482520305,0.7396469789545144,11.327875375473628,,41.31427637138315,
95,95,0.46583442838370565,9.63855421686747,0.3181276088252833,0.0,8.977035490605429,0.0,0.0,12.972757419300676,38.29215496006569,22.438556978030665,1.7321532643905613,6.012388013174124,0.013553624916984048,0.0,0.7415788286564529,0.24109640190088255,,,34.33976522028522,
96,96,0.21280027651362407,3.469707350494274,0.45796523879364126,62.25679888208104,12.606148554229819,0.0,0.4057830807266473,4.156354470479831,20.15613784792067,11.63574189711567,14.272088562731936,72.08256890297294,0.12639161072426303,1.2791612809073094,0.9801493532857509,0.8621860149355056,23.411064910631296,,34.99859783433101,
97,97,0.6517857142857143,2.2924825675804756,0.6696207638515332,97.43539545810494,0.0,1.2920908379013312,0.0,39.79584915897993,15.652361840074096,60.92578141044071,67.78260915230383,0.1239352595813509,6.338028169014084,0.5346020942958272,0.9880061331901191,0.09334691106585202,5.66223184074134,,43.87070033449633,
98,98,0.0651294498381877,20.087177624409737,0.24783245739767484,23.191056910569106,66.25,0.0,0.6402439024390244,3.1458502691841645,39.707588767695526,12.654416199715454,15.539295521820279,71.72636384170045,1.4039634327559767,0.4434194415054863,0.8876955694272919,1.0,28.320333870914357,,28.7663092066345,
99,99,0.1963768115942029,1.6302186878727636,0.6151759632772292,71.1213935764834,0.0,0.0,1.8508437670114317,7.096525096525097,31.30052899490967,19.446116797110175,24.302134646962234,9.67397863949588,0.2582347409933617,3.5058172989207472,0.9339277912696875,0.902919212491514,11.184639918579915,,37.519222310005226,
100,100,0.044213938411669367,36.55347846663511,0.20925199400024236,25.26767051998464,34.2319668984345,34.417523354519474,0.20688478437060104,3.634637853048426,38.60466319902699,15.717152422023482,19.455589913769263,62.430927420368555,4.402292782261106,0.6805440329838852,0.9345168233294936,0.8140224032586572,26.529606858660134,26.35246337598992,26.23685084112819,26.645219393521867
101,101,0.17886727027547678,19.203382287494435,0.27972858846492193,36.17669459253618,43.34279581804334,3.5034272658035035,0.0,7.657585231502159,36.70485503884269,19.74351924352821,25.438446112690322,47.12294032986616,6.001698368211012,1.0724437764373338,0.8745100433476718,0.8801765105227428,22.725484378339296,,31.260143297953128,
102,102,0.13235932670940717,14.469601087516992,0.30331090551656287,42.30393115587718,35.77041221338917,0.057140008360081755,0.4122517381683751,9.890672476625014,13.79080782289957,29.004376200031174,38.91007520401088,30.291130678484674,1.445107375423659,0.8655613147852734,0.9588870426079842,0.879602851323829,11.598151797898293,12.677351261858654,30.51074084008802,-6.235237780331072
103,103,0.41482739105829086,0.69380815189156,0.7098069721061191,98.55997074940585,0.18656628962775806,0.35485095791008253,0.02671929273563369,10.845606956458056,13.400353049202355,29.22935738356191,40.030220955498095,24.681668608334867,1.7589188114876282,1.018759122492834,0.9225025540608613,0.763747454175153,10.21492489787942,0.3154861730412586,43.54341037710122,-33.01299930618054
104,104,0.4716223003515822,2.8600254419441153,0.6117802955012258,0.0,0.012420303055394552,0.12006292953548067,0.0,11.214733542319749,25.040415310002505,27.734251080736737,7.018397081077903,8.263870195733361,0.06243199775606733,0.13820996604694613,0.6011340366921292,0.08729803122878232,8.37623186738472,,38.25302874406076,
105,105,0.023924180327868853,40.198706828575936,0.09784196484023475,15.899980154792617,70.41079579281603,1.468545346298869,0.0,5.327738439714625,39.288813631072074,16.517638684994886,20.492567201649027,54.86311980218387,1.5373571059735267,1.6607822805109969,0.9597781309336951,0.5984385607603531,24.337518204935115,,22.275306208503057,
106,106,0.08776382580817528,27.06422018348624,0.18627047423034046,22.868756016686277,16.087282062252648,0.0,0.37437159054444324,6.561843100983772,35.29620655080214,18.208667887495892,23.23804815107354,16.18903486822668,0.24178037177500555,1.1407692354072583,0.9465017363452256,0.956551255940258,13.21694775655277,,27.99199198230072,
107,107,0.2717391304347826,6.491398896462187,0.5958883222041117,79.27343496594227,0.0,2.789490755757379,0.0,4.983949432438693,38.20814809037257,27.64614509495056,32.12061571000529,44.214499735620706,1.0428294459784972,4.304976205863345,0.6513936190707008,0.8404616429056344,21.94261336945878,,38.54841484062015,
108,108,0.0,30.215827338129497,0.627201783723523,67.64705882352942,0.0,32.35294117647059,0.0,20.973782771535582,24.040143633182947,56.848152939002475,71.02505112474438,0.0,23.395961145194274,0.0,0.9526430944599619,0.28508486082824147,,,28.266289034484554,
109,109,0.16534238014462993,12.501715383559764,0.5936238120853505,51.4148461626444,9.46585840100652,0.05947615235045179,0.32940638224865604,12.145701641543925,21.12885804407348,30.03457868265123,36.128593209137364,25.496554837949787,4.276450534278217,0.6917806874619659,0.9559669021682743,0.6883910386965373,12.898411025940863,5.589114079791348,34.8065722081788,-16.31904710244659
110,110,0.10633501451933365,17.433181688939435,0.18862392507380749,35.19240290984803,26.875468152906674,5.327103990249723,0.18662637906737592,10.992617684722054,21.9285066009747,26.838810858439622,34.07591023830916,29.672324904804686,3.7735849056603774,0.8772586602775282,0.964347029579221,0.7981025118805158,14.062918767929322,12.455595052790802,27.33332034360163,-0.8148065228815078
111,111,0.36877076411960136,2.4373013069586715,0.8923698134224451,77.57390417940877,0.0,0.0,3.3299354400271834,6.2240915616848325,43.823326432022085,18.132270306183347,8.783502291348423,0.0902652409387585,0.13609220941535896,57.039300097208724,0.9566530300578725,0.45971147318397865,25.27224599489623,,43.230251637864576,
112,112,0.2388888888888889,0.0,0.29174334437492333,0.0,0.0,0.0,0.0,7.350350592380228,31.78602708347369,21.63197570750137,21.541018420202207,5.290614468399427,1.6919809796408292,0.2262130095563455,0.9730250335240981,0.8319891378139879,9.748708885267574,,32.632384700698964,
113,113,0.5396825396825397,23.52941176470588,0.6559829059829061,74.52574525745257,0.0,15.447154471544716,0.0,27.950982158947557,35.44845461658842,47.14912280701755,59.80635335073977,0.0,27.075718015665796,0.0,0.9457396615140344,0.39580787508486015,,,43.05592225801671,
114,114,0.0,100.0,0.0,0.0,0.9244992295839755,0.0,98.7673343605547,8.13936501753019,26.055312954876275,17.573612770781626,22.052007989295895,39.84370455118385,4.120692664197483,7.203940351761718,0.8626776260613889,0.7995960624575695,19.30591263050483,,21.489694406515348,
115,115,0.0,68.42105263157895,0.35692307692307695,12.5,0.0,0.0,62.5,8.055351293535665,31.878168335497925,35.27855209469559,44.97551573244426,0.08595540737653677,0.5339654094603042,27.82090018753907,0.7001173925630209,0.788116089613033,15.07974733496846,,27.36450434814074,
116,116,0.01806083650190114,31.622459524629694,0.22210702341137126,27.413014994904643,0.0,66.98209346338622,0.0,6.654703155376103,26.262515369752325,43.581836452706945,48.90958177732512,0.9311799796304379,30.41692936935189,7.559370806860986,0.7961006710149283,0.2981466395112009,16.29249888139891,,21.965091732475166,
117,117,0.1342155009451796,21.973653953549487,0.5081974737460528,64.93196466937216,0.02652449537147556,2.251929657038275,0.0,17.06336582121063,23.197225309901366,46.8115612733384,58.80737825556746,0.37351367530035695,1.8189621267027647,10.215104299365027,0.7591634965608068,0.7691955193482709,8.90120135281738,,33.13827817194904,
118,118,0.0,0.0,0.07081807081807083,0.0,0.0,0.0,100.0,9.138316364539358,32.25740447081692,30.0601881377551,37.94975028029762,0.48924676383651006,1.0880644174905718,27.754561206808688,0.7146167038622557,0.7747318397827567,15.397319214738173,,22.46003036644176,
119,119,0.0425531914893617,100.0,0.03672048116492561,2.7027027027027026,0.0,0.0,89.1891891891892,8.743738530972573,31.58874840733118,30.647927956025107,38.7023604775792,0.4785762356987961,1.0792891148832224,26.6980732321344,0.7151615257370811,0.8791989137813983,14.961171747511901,,23.720204119285597,
120,120,0.06529850746268656,34.24657534246575,0.36059201313438605,41.745894554883314,0.0,15.816767502160761,12.273120138288677,9.88692828357917,27.898597766813815,35.42991350174715,43.813990119567556,0.3436672155795804,0.8412687048041813,22.56748048972578,0.7161513398719973,0.8874134419551929,12.912753544230839,,29.793976604397685,
121,121,0.0,0.0,0.0,0.0,0.0,0.0,40.909090909090914,7.335518023695488,25.978954631706053,12.94977511244378,16.358144972720186,27.08252143413874,2.2018706157443493,3.120128604832424,0.714148898104058,0.9047488119484051,14.595868821605391,,22.227012224526018,
122,122,0.07468739438999662,41.40845070422535,0.10598006644518274,13.029728020240356,26.37571157495256,0.0,24.794433902593298,5.422570428404734,18.725324309080655,11.986521181001283,14.898915909756813,49.78318195136244,0.1582185760328157,4.852036331673014,0.7890532723799706,0.885980991174474,18.379690292037232,,25.75625963963893,
123,123,0.0,0.0,0.04249084249084249,0.0,23.809523809523807,0.0,0.0,11.05181804799058,30.14865407794295,23.41447789878283,29.527870694277762,26.502055511579808,2.497255062176033,9.18213619998468,0.8390489593745231,0.8381364562118141,17.082525212920867,,22.481922954129356,
124,124,0.20454545454545459,29.78723404255319,0.6005917159763314,42.465753424657535,0.0,10.95890410958904,0.0,8.840128222493115,39.48564346209461,26.430117501546075,32.81622911694511,1.276119039501242,2.958940139301544,26.038673225853586,0.7307276982719472,0.8575797691785461,17.439843966687747,,37.09354713435819,
125,125,0.2631578947368421,82.43243243243244,0.15681144252572826,0.7575757575757576,0.0,0.0,71.21212121212122,48.9213336238832,33.26532720417334,50.65286394459674,35.551663747810856,1.8026853473438413,7.857559836544074,20.66082895504962,0.9124796974469448,0.3106687033265443,15.89660033577772,,27.116196714551496,
126,126,0.2583732057416268,33.97260273972603,0.44629244629244635,33.808392715756135,0.0,0.0,48.13935075217736,6.5921896883040745,33.36769078295342,26.854901960784318,14.960018772224329,0.0,1.3393260049457592,54.53150665150448,0.9415103240819163,0.3544738628649031,,,32.19273764068418,
127,127,0.326271186440678,3.167420814479638,0.5944632290786138,65.92039800995025,0.0,0.0,0.0,4.872204472843451,47.45348935095547,13.298762127801941,16.980644605679593,20.449114043964087,0.019376924236226237,0.0,0.955078408568555,0.8922980312287856,,,40.345456131290966,
128,128,0.3049645390070922,16.666666666666664,0.42711383195812264,44.230769230769226,0.641025641025641,0.0,14.102564102564102,6.193103073453083,38.700823421774935,11.454809965448263,14.51744470599203,16.95294474095136,1.9181019414081617,28.01407695713986,0.7210938638099902,0.7931466395112006,21.396486765318578,,36.21084273697754,
129,129,0.023255813953488375,98.30508474576271,0.016393071948627505,0.0,0.0,0.0,46.246246246246244,14.601446093498435,32.87240129696738,26.712808585759518,2.8127977717510815,1.1324488748808914,4.324562046470717,24.93036722128564,0.9286303109774018,0.2618431771894083,15.814944859901157,,18.402601118821412,
130,130,0.0,100.0,0.0,0.0,0.0,0.0,100.0,13.42561256260999,38.79563016253664,23.033688191623476,2.4638700456020146,0.0,4.988996528801869,29.051432720012706,0.9308998120862526,0.15790563475899333,,,16.78069995302155,
131,131,0.0,91.66666666666666,0.03304843304843305,0.0,0.0,0.0,96.72131147540983,6.364836615689294,44.901687837132414,26.3636710405859,23.842979266974552,44.36474403065736,1.324064066031247,3.1566276898889654,0.9782896441685279,0.24157841140529435,23.4367809059275,,17.964352966597684,
132,132,0.0,0.0,0.0,0.0,0.0,0.0,100.0,3.3340236073721266,33.32656376929325,8.908011150163617,10.18100138428187,3.379737247629744,0.5275942225820774,79.95141954188105,1.0,0.3544738628649031,29.29632869534653,,18.245700000000014,
133,133,1.0,39.310344827586206,0.29383788254756,26.605504587155966,0.0,3.669724770642202,0.0,45.75462318552396,22.364376920962542,57.50275709953129,48.86664572018493,3.3708873827371066,6.355761030566902,0.0,0.3792273521573909,0.28777325186693803,,,47.5387729670716,
134,134,0.05921052631578947,66.66666666666666,0.05576923076923077,0.0,0.0,0.0,82.67716535433071,1.0010628568603703,24.563401670463175,4.350040008729177,0.0,0.0,0.011729654913552443,31.482393787974754,0.3035746763381312,0.6238119484046174,,,22.473031826979277,
135,135,0.17527047913446678,43.094151804230606,0.3356087296926992,14.095164806977042,8.34936514043863,6.1946902654867255,27.305373861741693,19.67871485943775,43.62584488486654,33.24236738870886,12.830191505456071,20.851401652174566,1.5795268160064708,16.76590199294493,0.39663602205749815,0.4367447386286498,20.705668836498127,21.235895267974414,28.72424445715849,13.21731964731405
136,136,0.0,0.0,0.0,0.0,0.0,0.0,0.0,6.873242995672636,38.89563106796117,12.818181818181817,12.894013116141315,21.79236302094352,0.18775121641633172,42.5851491432198,0.8134856592330375,0.8521249151391714,25.865223612135203,,21.864271414808258,
137,137,0.16923076923076924,46.45390070921986,0.36779707747449686,8.674698795180722,0.0,0.0,48.674698795180724,8.622638462780559,43.065250379362666,14.656975007467887,13.423438910137953,42.76505221539387,0.7864540805363359,22.64600971249302,0.8219392020714578,0.8527562797012886,27.315691596946476,,32.28459973021182,
138,138,0.0,48.275862068965516,0.15934065934065933,11.688311688311687,0.0,0.0,55.84415584415584,10.434547282146447,40.74310114078134,22.878883231306137,22.018973485769884,0.9413767939674045,4.351739236195574,38.613476039892966,0.9101127321390491,0.3544738628649031,21.16242330270932,,20.901799611606204,
139,139,0.2,34.41558441558442,0.6261808367071525,63.90977443609023,0.0,13.533834586466165,0.0,10.866928637267744,48.33948339483395,25.166923472008218,21.01350075528701,0.07788897280966768,45.16616314199396,2.825245468277946,0.8203960760910984,0.7887202987101141,24.10219524447888,,36.925339808496446,
140,140,0.0,0.0,0.0,0.0,0.0,0.0,100.0,10.984900323890333,52.96580188679245,21.16709469650646,16.01768760567044,0.3875666536610743,3.248796982702562,41.893614254129275,0.8376856246650116,0.38628309572301545,24.623944944321337,,18.439396406166264,
141,141,0.15614617940199335,24.74916387959866,0.4924332078178233,12.705341757610569,0.0,6.789201608271108,4.30786904078116,12.928441203281677,40.44401369540407,35.521604201480066,18.322228162365857,4.041543336245453,16.18703628848235,9.166655800550261,0.8714425952217342,0.3544738628649031,17.45981228017053,,30.39518716182731,
142,142,0.10400000000000001,0.0,0.2739541160593792,46.40522875816993,0.0,9.803921568627452,0.6535947712418301,4.050445103857567,57.97323787607602,10.977438365240436,13.601583700342543,21.07745006450465,17.402909382089952,2.7959428800213533,0.7586834939343554,0.920003394433131,24.812385050672994,,29.555759031378333,
143,143,0.3035130718954248,83.28767123287672,0.15866109199442535,0.0,27.78789258079199,0.02275830678197542,0.0,8.685361558707136,83.68916356485708,8.660737738751925,0.5456416870248887,34.02323937548829,0.05828445293220402,0.0,0.3197031543021165,0.8138560760353024,,,31.71395025310882,
144,144,0.08695652173913043,61.79245283018868,0.27800877800877805,33.49875930521092,0.0,40.198511166253105,0.0,17.05939093289238,48.212638033157724,32.33389731242272,41.30453037746148,3.165805936935802,20.798169374816307,0.10496704034933031,0.8000212559730085,0.8604650373387681,18.07039509631479,,28.769666780894962,
145,145,0.09713024282560706,14.259373079287032,0.5672549329956739,57.13689482470785,2.8380634390651087,10.01669449081803,0.0,29.24940538746612,9.809766531652482,57.57144687940535,72.20984502301076,0.23579919665653004,0.9334395784886084,0.16099393426894118,0.6375706031185946,0.8261269517990497,2.7849998102666405,,33.59282475022641,
146,146,0.0,47.14518760195758,0.4554311473026029,0.0,0.441696113074205,15.547703180212014,0.0,18.537074148296593,42.42320883785269,44.02868994123747,3.8283803584175526,9.6817823195702,28.603899763309165,0.0,0.6829442234402784,0.3175831636116757,,,25.550690687240024,
147,147,0.38650306748466257,47.63636363636364,0.3595706618962433,33.75594294770206,0.0,8.478605388272584,0.0,24.314983075004452,53.656661786237194,27.147335423197493,14.543332786317306,3.1179913571467646,13.730102291997156,3.294859872727604,0.8964913756831121,0.3544738628649031,18.44990382702718,,33.92690634739662,
