ti_id,pop_part_final,IR_municipal_corrigido,IR_global
0,16.009860561985302,0.14823944964801206,0.002928448289629501
1,942.8984114792673,0.31886994076638897,0.1724705364984408
2,41.77982874662568,0.014129127070214976,0.007642169496752782
3,1.7046255487376907,0.006481465964782094,0.000311802076809632
4,2.9984214985642543,0.027763162023743095,0.0005484571383406203
5,37.05456678706336,0.012531135333787686,0.00677784683448122
6,331.7087120829684,2.2212855880764693,0.060674595309162145
7,249.46364175824365,0.6267930697443308,0.04563071440898823
8,58.05246927811902,0.39224641404134475,0.010618684260745085
9,848.7053242329353,2.876027230357995,0.15524118061657805
10,5467.011529170906,4.311791807049332,1.0
11,7.538981644432136,0.005672672418684827,0.0013789950147728063
12,117.27324156994489,0.2946563858541329,0.02145106900620161
13,1185.3340261526737,3.0167013076336806,0.21681571729416751
14,1.1859421867705846,0.008656512312194048,0.0002169269591700381
15,2176.378672653881,3.9789799131869246,0.3980929363402929
16,55.56660623725831,0.01879154759460883,0.010163981901403673
17,16.458706298113217,0.04135353341234477,0.003010549037676759
18,0.058892270090505704,0.003099593162658195,1.0772296669993843e-05
19,5.882357322483512,0.04357301720358157,0.0010759730962878716
20,70.79962194437371,0.5244416440323979,0.012950333389018983
21,24.15456232724102,0.008168604101197505,0.00441823877604007
22,60.0,1.0,0.010974917407774195
23,23.24095162003264,0.9683729730706497,0.004251125408465568
24,129.76314343637665,0.9403126335969323,0.02373566302978983
25,40.94822277616622,0.2047411138808311,0.007490056049392707
26,3.247660278159232,0.015539044393106372,0.0005940467220217757
27,66.99958992392551,1.9999929201378612,0.012255249429497045
28,25.539331975168974,1.503576918398462,0.004671534317953435
29,7.453873248331773,0.054407833929428995,0.001363427387807646
30,11.592286208168234,1.3197428736056078,0.0021204063950321047
31,76.0,2.0,0.013901562049847313
32,101.0,1.0,0.018474444303086562
33,0.0846892436639014,0.00032201235633819527,1.5490957575636364e-05
34,22.407713791831764,1.6802571263943922,0.004098713469373272
35,162.0,1.0,0.029632277000990328
36,63.52886034052569,0.6758389397928265,0.011620399920788184
37,99.14004395225186,0.3769583783767517,0.018134229902984463
38,28.716461100265487,0.3054942675446948,0.00525267981364957
39,10.000002585815466,3.0000000174717263,0.0018291533742808854
40,90.0,1.0,0.016462376111661292
41,57.0,1.0,0.010426171537385485
42,166.5932930072774,2.787527764911113,0.030472460524066595
43,1493.6730176495132,0.5051312200370353,0.27321563338207094
44,7.831758025672099,0.002648548537596246,0.0014325482914903996
45,751.4491388539243,0.1846312745522071,0.13745153725108103
46,17.48666216219445,0.9203506148784434,0.00319857788279557
47,14.938214057412429,0.1009338787663002,0.002732427758329214
48,114.60024308365142,0.8364981246981855,0.02096213671256534
49,19.0,1.0,0.0034753905124618283
50,93.03395953831408,0.3040325475108303,0.01701733370085339
51,5.768587026542473,0.04403501546978987,0.0010551627695976895
52,102.70838930436803,0.9337126300397093,0.018786934828349294
53,83.62403147063286,0.6383513852720065,0.015296113978255095
54,24.34346553861825,0.97373862154473,0.004452792061755544
55,92.74358190134177,0.4637179095067088,0.01696421919113946
56,3.882852741700607,0.028341990815332896,0.0007102331357785625
57,8.236856563623354,0.05968736640306778,0.001506647008090818
58,260.86114518423636,0.7186257443091911,0.04771549205490645
59,30.198919258698453,0.053260880526805034,0.005523844077804284
60,61.0,1.0,0.011157832697903766
61,152.96875738636285,0.581630256221912,0.027980324638086352
62,52.60266288137955,0.38964935467688555,0.009621831342535499
63,21.62132734611871,1.0210200868130752,0.003954871364501708
64,44.999997294746755,0.9999999398832612,0.008231187560998464
65,0.7590489504464606,0.03162703960193586,0.00013884165899345988
66,149.00040999723345,1.0000070785028106,0.027254453224068827
67,1.4559538632920475,0.0055359462482587355,0.000266316223319333
68,2.2156375490608884,0.010601136598377456,0.0004052739851084416
69,2.004559615312964,0.009591194331640976,0.0003666646036169899
70,79.08140302727314,1.0003094808609858,0.014465197778587116
71,33.0,1.0,0.006036204574275807
72,69.83776366229638,0.12317065901639573,0.012774394802289278
73,1.5572797180969715,0.00592121565816339,0.0002848502714486024
74,3.0329054109209066,0.02352697184240774,0.0005547647731741401
75,1.5570025353396901,0.00592016173132962,0.0002847995704841354
76,3.1720179521107528,0.012060904760877386,0.0005802105840065425
77,0.29001632372996194,0.002116907472481474,5.304841999737726e-05
78,105.0,1.0,0.01920610546360484
79,68.35016267219693,0.023114698232058483,0.0125022898355882
80,129.0,1.0,0.02359607242671452
81,294.8195744361551,0.16643872271405402,0.05392700799386565
82,0.6565342011886447,0.026261368047545787,0.00012009014389040637
83,212.96604046168588,0.6959674524891696,0.038954745078795
84,34.23481600823264,0.3260458667450728,0.006262071302678318
85,94.07945156498648,1.3013108604463133,0.017208570178240325
86,83.71535785176322,1.042335984087135,0.015312818969756038
87,96.18465060625053,0.8691538061196973,0.01759364327165363
88,5.0,1.0,0.0009145764506478496
89,1241.0,2.0,0.22699787505079627
90,25.531131828230098,0.6072504754933193,0.004670034385697006
91,221.02373469702306,0.7441221390364656,0.04042862055762706
92,581.4542014141647,0.9014793820374646,0.10635686394872931
93,244.0,2.0,0.04463133079161506
94,729.0,3.0,0.13334524650445648
95,2222.1937740911662,3.939167625037602,0.4064732189120096
96,1356.2672442644018,4.055159702543714,0.24808201647785533
97,59.93885225544282,1.1767409198825014,0.01096373255033775
98,134.96064961439117,1.1072714620083248,0.02468636638029159
99,182.0,1.0,0.03329058280358173
100,75.00931407865308,0.5068196897206289,0.01372035044711686
101,0.14562126678360898,0.007664277199137315,2.663635626275934e-05
102,419.8408811825712,0.4547187732575635,0.0767953165897643
103,435.97446821117836,1.6761274206227392,0.07974639634193265
104,369.4585837445366,2.000155084120574,0.06757962403649191
105,31.0,1.0,0.005670373994016668
106,0.14665474842865825,0.007718670969929381,2.6825395857707113e-05
107,65.0,1.0,0.011889493858422044
108,7.2916106956319835,0.06628736996029076,0.0013337470859033993
109,41.607381502824694,0.31761359925820376,0.00761062625912088
110,605.526536431717,0.9690325529418017,0.1107600620925611
111,0.3585262294732922,0.0005736419671572675,6.557992928316801e-05
112,0.6802923160856178,0.0010884677057369885,0.00012443586636971785
113,18.466455993742297,0.029546329589987676,0.0033777971557603075
114,32.0,1.0,0.005853289284146237
115,23.0,1.0,0.004207051672980108
116,8.267553220008518,0.03459227288706493,0.001512261895899518
117,131.96818902898175,0.9997590077953163,0.024138999584110123
118,36.37575508158119,0.09472852885828435,0.006653681794429601
119,347.6242449184188,0.9052714711417157,0.06358578961532525
120,82.54579858583531,1.0985206179625353,0.015098888697305109
121,204.0,1.0,0.03731471918643226
122,58.55427097204415,0.5576597235432776,0.01071047146317691
123,9.754217118459826,0.09289730589009358,0.0017841954542098964
124,302.652012438941,0.9061437498171886,0.05535968066356709
125,31.347987561059078,0.09385625018281162,0.00573402623970927
126,102.1388548157636,0.2813742556908088,0.018682758262127418
127,14.804410373698238,0.03719701098919155,0.0027079530187022276
128,466.96331707900515,0.8235684604567992,0.08541473062337258
129,0.4551746572378658,0.002275873286189329,8.325840448829177e-05
130,65.85302066525414,0.3292651033262707,0.012045524380893523
131,439.0,1.0,0.08029981236688119
132,30.0,1.0,0.005487458703887098
133,64.0,1.0,0.011706578568292474
134,54.0,2.0,0.009877425666996776
135,104.0,1.0,0.01902319017347527
136,28.0,1.0,0.005121628123627957
137,9.0,1.0,0.0016462376111661293
138,26.0,1.0,0.004755797543368818
139,18.0,1.0,0.0032924752223322585
140,91.0,1.0,0.016645291401790864
